# Redirects from what the browser requests to what we serve
/2014/europe/canary-islands-facts/                                                                                      /blog/2014-04-06-canary-islands-facts   301
/2014/europe/8-amazing-places-europe-live/                                                                              /blog/2014-11-13-8-amazing-places-europe-live  301
/2014/europe/10-mind-blowing-facts-switzerland/                                                                         /blog/2014-11-10-10-mind-blowing-facts-switzerland     301
/2018/europe/portugal/10-reasons-why-you-should-love-portugal/                                                          /blog/2018-03-18-10-reasons-why-you-should-love-portugal   301 
/2014/europe/10-signs-living-long-italy/                                                                                /blog/2014-03-02-10-signs-living-long-italy    301
/2015/europe/people-living-in-netherlands/                                                                              /blog/2015-01-14-people-living-in-netherlands  301          
/2018/travel-inspiration/15-jobs-that-will-make-you-travel-the-world/                                                   /blog/2018-02-19-15-jobs-that-will-make-you-travel-the-world   301
/2014/europe/27-reasons-barcelona-best-city-world/                                                                      /blog/2014-11-16-27-reasons-barcelona-best-city-world  301
/2019/expat-life/5-best-holiday-destinations-for-expats-in-thailand/                                                    /blog/2019-04-28-5-best-holiday-destinations-for-expats-in-thailand    301
/2014/europe/5-reasons-live-netherlands/                                                                                /blog/2014-02-23-5-reasons-live-netherlands    301
/2014/europe/5-reasons-utrecht-better-amsterdam/                                                                        /blog/2014-11-25-5-reasons-utrecht-better-amsterdam    301
/2018/europe/5-reasons-why-you-should-live-in-europe/                                                                   /blog/2018-05-05-5-reasons-why-you-should-live-in-europe   301
/2017/living-abroad/5-things-consider-childs-education-moving-abroad/                                                   /blog/2017-10-02-5-things-consider-childs-education-moving-abroad  301
/2014/europe/6-reasons-live-in-spain/                                                                                   /blog/2014-03-02-6-reasons-live-in-spain   301
/2018/europe/living-netherlands/                                                                                        /blog/2018-05-28-living-netherlands    301
/2014/america/7-reasons-to-live-or-retire-in-costa-rica/                                                                /blog/2014-02-03-7-reasons-to-live-or-retire-in-costa-rica 301
/2014/europe/7-reasons-live-milan/                                                                                      /blog/2014-12-30-7-reasons-live-milan   301
/2014/europe/things-to-know-about-vienna/                                                                               /blog/2014-06-25-things-to-know-about-vienna    301
/2019/europe/spain/7-tips-on-how-to-open-a-business-in-barcelona/                                                       /blog/2019-01-30-7-tips-on-how-to-open-a-business-in-barcelona 301
/2018/expat-life/tips-expats/                                                                                           /blog/2018-04-25-tips-expats   301
/2019/expat-life/8-apps-to-make-moving-abroad-easier-infographic/                                                       /blog/2019-02-26-8-apps-to-make-moving-abroad-easier-infographic   301
/2014/expat-life/8-things-changed-forever-since-live-abroad/                                                            /blog/2014-12-29-8-things-changed-forever-since-live-abroad    301
/2019/asia/a-digital-nomads-guide-to-living-in-canggu-bali/                                                             /blog/2019-06-19-a-digital-nomad’s-guide-to-living-in-canggu-bali  301
/2019/expat-life/a-guide-to-living-in-chiang-mai-for-expats-and-digital-nomads/                                         /blog/2019-04-10-a-guide-to-living-in-chiang-mai-for-expats-and-digital-nomads  301
/2019/europe/italy/scandinavian-in-sardinia/                                                                            /blog/2019-01-16-scandinavian-in-sardinia   301
/2019/living-abroad/abigails-experience-of-living-and-working-in-hanoi/                                                 /blog/2019-01-22-abigails-experience-of-living-and-working-in-hanoi    301
/2019/europe/amsterdam-exposed/                                                                                         /blog/2019-03-25-amsterdam-exposed 301
/2014/america/beach-giant-waves-protected-stone-wall-puerto-rico/                                                       /blog/2014-03-28-beach-giant-waves-protected-stone-wall-puerto-rico    301
/2014/america/north-america/canada-plans-2014-lure-expats/                                                              /blog/2014-03-18-canada-plans-2014-lure-expats 301
/2019/america/north-america/usa-north-america/creating-a-stress-free-tax-solution-for-u-s-expats/                       /blog/2019-01-27-creating-a-stress-free-tax-solution-for-u-s-expats    301
/2014/expat-life/culture-shock-expats/                                                                                  /blog/2014-06-23-culture-shock-expats  301
/2019/expat-life/expat-women-opportunity-or-disadvantage/                                                               /blog/2019-06-20-expat-women-–-opportunity-or-disadvantage 301
/2019/europe/expatriate-life-in-the-movies/                                                                             /blog/2019-06-19-expatriate-life-in-the-movies 301
/2019/expat-life/feeling-at-home-in-abroadland/                                                                         /blog/2019-04-18-feeling-at-home-in-abroadland 301
/2018/expat-life/from-brazil-to-malaysia/                                                                               /blog/2018-04-17-from-brazil-to-malaysia   301
/2019/europe/from-new-jersey-to-barcelona-lauren-and-her-advice-for-future-expats/                                      /blog/2019-03-07-from-new-jersey-to-barcelona-lauren-and-her-advice-for-future-expats  301
/2018/europe/from-us-to-india-zachary-and-his-expat-story/                                                              /blog/2018-08-12-from-us-to-india-zachary-and-his-expat-story  301
/2014/europe/germany-desperate-need-workers-countries-cvs-sent/                                                         /blog/2014-03-27-germany-desperate-need-workers-countries-cvs-sent 301
/2014/europe/holland-vs-netherlands/                                                                                    /blog/2014-02-25-holland-vs-netherlands    301
/home/                                                                                                                  /   301
/2018/europe/netherlands/ended-living-utrecht/                                                                          /blog/2018-03-09-ended-living-utrecht  301
/2018/europe/italy/find-apartment-italy/                                                                                /blog/2018-02-28-find-apartment-italy  301
/2018/america/how-to-learn-a-new-language-in-5-tips/                                                                    /blog/2018-03-23-how-to-learn-a-new-language-in-5-tips 301
/2019/expat-life/how-to-negotiate-a-salary-increase-step-by-step-guide/                                                 /blog/2019-04-12-how-to-negotiate-a-salary-increase-step-by-step-guide 301
/2018/europe/i-am-a-traveller-not-a-tourist/                                                                            /blog/2018-06-08-i-am-a-traveller-not-a-tourist    301
/2014/europe/iceland-police-killed-man-first-time-shock-whole-country/                                                  /blog/2014-03-26-iceland-police-killed-man-first-time-shock-whole-country  301
/2018/expat-life/life-in-a-box-the-unusual-story-of-a-globetrotter/                                                     /blog/2018-07-21-life-in-a-box-the-unusual-story-of-a-globetrotter 301
/2019/europe/italy/life-in-italy/                                                                                       /blog/2019-02-05-life-in-italy 301
/2014/europe/living-denmark-surrounded-vikings/                                                                         /blog/2014-03-28-living-denmark-surrounded-vikings 301
/2018/europe/mallorca/                                                                                                  /blog/2018-05-15-mallorca  301
/2015/travel/punctual-airport-world/                                                                                    /blog/2015-01-12-punctual-airport-world    301
/2019/europe/moving-overseas-everything-you-need-to-know/                                                               /blog/2019-02-25-moving-overseas-everything-you-need-to-know   301
/2015/europe/moving-gibraltar-need-know/                                                                                /blog/2015-01-13-moving-gibraltar-need-know    301
/2018/europe/netherlands/expat-london-amsterdam-barcelona/                                                              /blog/2018-05-07-expat-london-amsterdam-barcelona  301
/2018/europe/rotterdam-netherlands/                                                                                     /blog/2018-04-10-rotterdam-netherlands 301
/2014/europe/netherlands-in-2-minutes/                                                                                  /blog/2014-06-24-netherlands-in-2-minutes  301
/2015/travel/outbound-app-social-network-travellers/                                                                    /blog/2015-01-18-outbound-app-social-network-travellers    301
/2018/expat-life/patrick-burns-his-book-and-his-whole-life-as-an-expatriate/                                            /blog/2018-07-29-patrick-burns-his-book-and-his-whole-life-as-an-expatriate    301
/2014/america/planning-trip-new-york-tips/                                                                              /   301
/shop/                                                                                                                  /shop   301
/2019/expat-life/should-i-stay-or-should-i-go-data-and-feelings-about-expat-life/                                       /blog/2019-05-11-should-i-stay-or-should-i-go-data-and-feelings-about-expat-life   301
/2014/europe/sicily-husband-works-thousands-miles-away-writes-love/                                                     /blog/2014-03-03-sicily-husband-works-thousands-miles-away-writes-love 301
/2019/living-abroad/six-criteria-to-define-the-happiest-place-in-the-world/                                             /blog/2019-04-16-six-criteria-to-define-the-happiest-place-in-the-world    301
/2014/europe/switzerland-immigration/                                                                                   /blog/2014-03-17-switzerland-immigration   301
/2018/expat-life/teaching-abroad-and-living-a-bourgeois-existence-in-hanoi/                                             /blog/2018-11-12-teaching-abroad-and-living-a-bourgeois-existence-in-hanoi 301
/2014/europe/ten-things-probably-know-germans/                                                                          /blog/2014-04-07-ten-things-probably-know-germans  301
/2014/expat-life/most-eco-friendly-countries/                                                                           /blog/2014-07-10-most-eco-friendly-countries   301
/2018/europe/italy/the-10-most-liveable-cities-in-italy/                                                                /blog/2018-03-14-the-10-most-liveable-cities-in-italy  301
/2018/america/the-american-dream/                                                                                       /blog/2018-10-04-the-american-dream    301
/2014/america/best-country-world-expat/                                                                                 /blog/2014-11-24-best-country-world-expat  301
/2017/europe/best-country-world-quality-life/                                                                           /blog/2017-09-11-best-country-world-quality-life   301
/2019/expat-life/the-best-way-to-send-money-abroad-for-digital-nomads-exchange-students-and-expats/                     /blog/2019-06-20-the-best-way-to-send-money-abroad-for-digital-nomads-exchange-students-and-expats 301
/2019/america/the-goodbye-and-its-beauty/                                                                               /blog/2019-02-20-the-goodbye-and-its-beauty    301
/2015/europe/unusual-sound-swedish-language/                                                                            /blog/2015-01-25-unusual-sound-swedish-language    301
/2014/living-abroad/most-peaceful-countries-world/                                                                      /blog/2014-03-25-most-peaceful-countries-world 301
/2014/living-abroad/diving-top-sites/                                                                                   /blog/2014-11-20-diving-top-sites  301
/2018/europe/netherlands/the-top-8-countries-for-expats/                                                                /blog/2018-03-28-the-top-8-countries-for-expats    301
/2019/expat-life/to-learn-or-not-to-learn-the-local-language/                                                           /blog/2019-06-20-to-learn-or-not-to-learn-the-local-language   301
/2015/travel/top-10-places-visit-2015-according-new-york-times/                                                         /blog/2015-01-10-top-10-places-visit-2015-according-new-york-times 301
/2018/expat-life/top-5-countries-with-effortless-immigration-policies/                                                  /blog/2018-10-24-top-5-countries-with-effortless-immigration-policies  301
/2019/travel-inspiration/travel-yucatan-ready-to-go/                                                                    /blog/2019-04-22-travel-yucatan-ready-to-go    301
/2019/expat-life/what-expatriation-really-is/                                                                           /blog/2019-02-08-what-expatriation-really-is   301
/2019/travel-inspiration/what-to-do-in-australia-to-plan-your-ideal-trip/                                               /blog/2019-06-19-what-to-do-in-australia-to-plan-your-ideal-trip   301
/2015/living-abroad/store-important-documents/                                                                          /blog/2015-02-09-store-important-documents 301
/2018/europe/why-relocating-to-amsterdam-could-be-a-great-move-for-your-tech-career/                                    /blog/2018-12-18-why-relocating-to-amsterdam-could-be-a-great-move-for-your-tech-career    301
/2014/living-abroad/world-most-connected-countries/                                                                     /blog/2014-11-26-world-most-connected-countries    301
/2017/travel/worlds-safest-airlines/                                                                                    /blog/2017-02-03-worlds-safest-airlines    301
/2018/expat-life/your-guide-to-moving-internationally/                                                                  /blog/2018-08-15-your-guide-to-moving-internationally  301
/write-us/                                                                                                              /pages/write-for-us    301
/2021-01-15-breath-what-is-going-to-change/                                                                             /2021-01-15-brexit-what-is-going-to-change    301